<?xml version="1.0" encoding="UTF-8"?>
<GenRun Id="impl_1" LaunchPart="xc7a35tcpg236-1" LaunchTime="1639023369">
  <File Type="BITSTR-BMM" Name="smg_bd.bmm"/>
  <File Type="OPT-METHODOLOGY-DRC" Name="smg_methodology_drc_opted.rpt"/>
  <File Type="INIT-TIMING" Name="smg_timing_summary_init.rpt"/>
  <File Type="ROUTE-PWR" Name="smg_power_routed.rpt"/>
  <File Type="PA-TCL" Name="smg.tcl"/>
  <File Type="OPT-TIMING" Name="smg_timing_summary_opted.rpt"/>
  <File Type="OPT-DCP" Name="smg_opt.dcp"/>
  <File Type="ROUTE-PWR-SUM" Name="smg_power_summary_routed.pb"/>
  <File Type="REPORTS-TCL" Name="smg_reports.tcl"/>
  <File Type="OPT-DRC" Name="smg_drc_opted.rpt"/>
  <File Type="OPT-HWDEF" Name="smg.hwdef"/>
  <File Type="PWROPT-DCP" Name="smg_pwropt.dcp"/>
  <File Type="PWROPT-DRC" Name="smg_drc_pwropted.rpt"/>
  <File Type="PWROPT-TIMING" Name="smg_timing_summary_pwropted.rpt"/>
  <File Type="PLACE-DCP" Name="smg_placed.dcp"/>
  <File Type="PLACE-IO" Name="smg_io_placed.rpt"/>
  <File Type="PLACE-CLK" Name="smg_clock_utilization_placed.rpt"/>
  <File Type="PLACE-UTIL" Name="smg_utilization_placed.rpt"/>
  <File Type="PLACE-UTIL-PB" Name="smg_utilization_placed.pb"/>
  <File Type="PLACE-CTRL" Name="smg_control_sets_placed.rpt"/>
  <File Type="PLACE-SIMILARITY" Name="smg_incremental_reuse_placed.rpt"/>
  <File Type="PLACE-PRE-SIMILARITY" Name="smg_incremental_reuse_pre_placed.rpt"/>
  <File Type="BG-BGN" Name="smg.bgn"/>
  <File Type="PLACE-TIMING" Name="smg_timing_summary_placed.rpt"/>
  <File Type="POSTPLACE-PWROPT-DCP" Name="smg_postplace_pwropt.dcp"/>
  <File Type="BG-BIN" Name="smg.bin"/>
  <File Type="POSTPLACE-PWROPT-TIMING" Name="smg_timing_summary_postplace_pwropted.rpt"/>
  <File Type="PHYSOPT-DCP" Name="smg_physopt.dcp"/>
  <File Type="PHYSOPT-DRC" Name="smg_drc_physopted.rpt"/>
  <File Type="BITSTR-MSK" Name="smg.msk"/>
  <File Type="PHYSOPT-TIMING" Name="smg_timing_summary_physopted.rpt"/>
  <File Type="ROUTE-ERROR-DCP" Name="smg_routed_error.dcp"/>
  <File Type="ROUTE-DCP" Name="smg_routed.dcp"/>
  <File Type="ROUTE-BLACKBOX-DCP" Name="smg_routed_bb.dcp"/>
  <File Type="ROUTE-DRC" Name="smg_drc_routed.rpt"/>
  <File Type="ROUTE-DRC-PB" Name="smg_drc_routed.pb"/>
  <File Type="BITSTR-LTX" Name="debug_nets.ltx"/>
  <File Type="BITSTR-LTX" Name="smg.ltx"/>
  <File Type="ROUTE-DRC-RPX" Name="smg_drc_routed.rpx"/>
  <File Type="BITSTR-MMI" Name="smg.mmi"/>
  <File Type="ROUTE-METHODOLOGY-DRC" Name="smg_methodology_drc_routed.rpt"/>
  <File Type="ROUTE-METHODOLOGY-DRC-RPX" Name="smg_methodology_drc_routed.rpx"/>
  <File Type="BITSTR-SYSDEF" Name="smg.sysdef"/>
  <File Type="ROUTE-METHODOLOGY-DRC-PB" Name="smg_methodology_drc_routed.pb"/>
  <File Type="ROUTE-PWR-RPX" Name="smg_power_routed.rpx"/>
  <File Type="ROUTE-STATUS" Name="smg_route_status.rpt"/>
  <File Type="ROUTE-STATUS-PB" Name="smg_route_status.pb"/>
  <File Type="ROUTE-TIMINGSUMMARY" Name="smg_timing_summary_routed.rpt"/>
  <File Type="ROUTE-TIMING-PB" Name="smg_timing_summary_routed.pb"/>
  <File Type="ROUTE-TIMING-RPX" Name="smg_timing_summary_routed.rpx"/>
  <File Type="ROUTE-SIMILARITY" Name="smg_incremental_reuse_routed.rpt"/>
  <File Type="ROUTE-CLK" Name="smg_clock_utilization_routed.rpt"/>
  <File Type="ROUTE-BUS-SKEW" Name="smg_bus_skew_routed.rpt"/>
  <File Type="ROUTE-BUS-SKEW-PB" Name="smg_bus_skew_routed.pb"/>
  <File Type="ROUTE-BUS-SKEW-RPX" Name="smg_bus_skew_routed.rpx"/>
  <File Type="POSTROUTE-PHYSOPT-DCP" Name="smg_postroute_physopt.dcp"/>
  <File Type="POSTROUTE-PHYSOPT-BLACKBOX-DCP" Name="smg_postroute_physopt_bb.dcp"/>
  <File Type="POSTROUTE-PHYSOPT-TIMING" Name="smg_timing_summary_postroute_physopted.rpt"/>
  <File Type="POSTROUTE-PHYSOPT-TIMING-PB" Name="smg_timing_summary_postroute_physopted.pb"/>
  <File Type="POSTROUTE-PHYSOPT-TIMING-RPX" Name="smg_timing_summary_postroute_physopted.rpx"/>
  <File Type="POSTROUTE-PHYSOPT-BUS-SKEW" Name="smg_bus_skew_postroute_physopted.rpt"/>
  <File Type="POSTROUTE-PHYSOPT-BUS-SKEW-PB" Name="smg_bus_skew_postroute_physopted.pb"/>
  <File Type="BG-BIT" Name="smg.bit"/>
  <File Type="POSTROUTE-PHYSOPT-BUS-SKEW-RPX" Name="smg_bus_skew_postroute_physopted.rpx"/>
  <File Type="BITSTR-RBT" Name="smg.rbt"/>
  <File Type="BITSTR-NKY" Name="smg.nky"/>
  <File Type="BG-DRC" Name="smg.drc"/>
  <File Type="RDI-RDI" Name="smg.vdi"/>
  <File Type="WBT-USG" Name="usage_statistics_webtalk.html"/>
  <FileSet Name="sources" Type="DesignSrcs" RelSrcDir="$PSRCDIR/sources_1">
    <Filter Type="Srcs"/>
    <File Path="$PSRCDIR/sources_1/new/32to8.v">
      <FileInfo>
        <Attr Name="UsedIn" Val="synthesis"/>
        <Attr Name="UsedIn" Val="implementation"/>
        <Attr Name="UsedIn" Val="simulation"/>
      </FileInfo>
    </File>
    <File Path="$PSRCDIR/sources_1/new/ALU.v">
      <FileInfo>
        <Attr Name="UsedIn" Val="synthesis"/>
        <Attr Name="UsedIn" Val="implementation"/>
        <Attr Name="UsedIn" Val="simulation"/>
      </FileInfo>
    </File>
    <File Path="$PSRCDIR/sources_1/new/CPU.v">
      <FileInfo>
        <Attr Name="UsedIn" Val="synthesis"/>
        <Attr Name="UsedIn" Val="implementation"/>
        <Attr Name="UsedIn" Val="simulation"/>
      </FileInfo>
    </File>
    <File Path="$PSRCDIR/sources_1/new/PC.v">
      <FileInfo>
        <Attr Name="UsedIn" Val="synthesis"/>
        <Attr Name="UsedIn" Val="implementation"/>
        <Attr Name="UsedIn" Val="simulation"/>
      </FileInfo>
    </File>
    <File Path="$PSRCDIR/sources_1/new/Regfile.v">
      <FileInfo>
        <Attr Name="UsedIn" Val="synthesis"/>
        <Attr Name="UsedIn" Val="implementation"/>
        <Attr Name="UsedIn" Val="simulation"/>
      </FileInfo>
    </File>
    <File Path="$PSRCDIR/sources_1/new/controlUnit.v">
      <FileInfo>
        <Attr Name="UsedIn" Val="synthesis"/>
        <Attr Name="UsedIn" Val="implementation"/>
        <Attr Name="UsedIn" Val="simulation"/>
      </FileInfo>
    </File>
    <File Path="$PSRCDIR/sources_1/new/dataMemory.v">
      <FileInfo>
        <Attr Name="UsedIn" Val="synthesis"/>
        <Attr Name="UsedIn" Val="implementation"/>
        <Attr Name="UsedIn" Val="simulation"/>
      </FileInfo>
    </File>
    <File Path="$PSRCDIR/sources_1/new/instructionMemory.v">
      <FileInfo>
        <Attr Name="UsedIn" Val="synthesis"/>
        <Attr Name="UsedIn" Val="implementation"/>
        <Attr Name="UsedIn" Val="simulation"/>
      </FileInfo>
    </File>
    <File Path="$PSRCDIR/sources_1/new/smg.v">
      <FileInfo>
        <Attr Name="UsedIn" Val="synthesis"/>
        <Attr Name="UsedIn" Val="implementation"/>
        <Attr Name="UsedIn" Val="simulation"/>
      </FileInfo>
    </File>
    <Config>
      <Option Name="DesignMode" Val="RTL"/>
      <Option Name="TopModule" Val="smg"/>
      <Option Name="TopAutoSet" Val="TRUE"/>
    </Config>
  </FileSet>
  <FileSet Name="constrs_in" Type="Constrs" RelSrcDir="$PSRCDIR/constrs_1">
    <Filter Type="Constrs"/>
    <File Path="$PSRCDIR/constrs_1/new/smg.xdc">
      <FileInfo>
        <Attr Name="UsedIn" Val="synthesis"/>
        <Attr Name="UsedIn" Val="implementation"/>
      </FileInfo>
    </File>
    <Config>
      <Option Name="ConstrsType" Val="XDC"/>
    </Config>
  </FileSet>
  <FileSet Name="utils" Type="Utils" RelSrcDir="$PSRCDIR/utils_1">
    <Filter Type="Utils"/>
    <Config>
      <Option Name="TopAutoSet" Val="TRUE"/>
    </Config>
  </FileSet>
  <Strategy Version="1" Minor="2">
    <StratHandle Name="Vivado Implementation Defaults" Flow="Vivado Implementation 2018"/>
    <Step Id="init_design"/>
    <Step Id="opt_design"/>
    <Step Id="power_opt_design"/>
    <Step Id="place_design"/>
    <Step Id="post_place_power_opt_design"/>
    <Step Id="phys_opt_design"/>
    <Step Id="route_design"/>
    <Step Id="post_route_phys_opt_design"/>
    <Step Id="write_bitstream"/>
  </Strategy>
</GenRun>
